timestamp,end,trade_date,session,contract_id,open,high,low,close,volume
2026-01-05T00:45:00Z,2026-01-05T00:46:00Z,2026-01-05,day,TAIFEX:TMF:202601,20000,20002,19996,19998,20
2026-01-05T00:46:00Z,2026-01-05T00:47:00Z,2026-01-05,day,TAIFEX:TMF:202601,20001,20003,19998,20000,21
2026-01-05T00:47:00Z,2026-01-05T00:48:00Z,2026-01-05,day,TAIFEX:TMF:202601,20002,20004,20000,20002,22
2026-01-05T00:48:00Z,2026-01-05T00:49:00Z,2026-01-05,day,TAIFEX:TMF:202601,20003,20006,20001,20004,23
2026-01-05T00:49:00Z,2026-01-05T00:50:00Z,2026-01-05,day,TAIFEX:TMF:202601,20004,20008,20002,20006,24
2026-01-05T00:50:00Z,2026-01-05T00:51:00Z,2026-01-05,day,TAIFEX:TMF:202601,20005,20007,20001,20003,25
2026-01-05T00:51:00Z,2026-01-05T00:52:00Z,2026-01-05,day,TAIFEX:TMF:202601,20006,20008,20003,20005,26
2026-01-05T00:52:00Z,2026-01-05T00:53:00Z,2026-01-05,day,TAIFEX:TMF:202601,20007,20009,20005,20007,27
2026-01-05T00:53:00Z,2026-01-05T00:54:00Z,2026-01-05,day,TAIFEX:TMF:202601,20008,20011,20006,20009,28
2026-01-05T00:54:00Z,2026-01-05T00:55:00Z,2026-01-05,day,TAIFEX:TMF:202601,20009,20013,20007,20011,29
2026-01-05T00:55:00Z,2026-01-05T00:56:00Z,2026-01-05,day,TAIFEX:TMF:202601,20010,20012,20006,20008,20
2026-01-05T00:56:00Z,2026-01-05T00:57:00Z,2026-01-05,day,TAIFEX:TMF:202601,20011,20013,20008,20010,21
2026-01-05T00:57:00Z,2026-01-05T00:58:00Z,2026-01-05,day,TAIFEX:TMF:202601,20012,20014,20010,20012,22
2026-01-05T00:58:00Z,2026-01-05T00:59:00Z,2026-01-05,day,TAIFEX:TMF:202601,20013,20016,20011,20014,23
2026-01-05T00:59:00Z,2026-01-05T01:00:00Z,2026-01-05,day,TAIFEX:TMF:202601,20014,20018,20012,20016,24
2026-01-05T01:00:00Z,2026-01-05T01:01:00Z,2026-01-05,day,TAIFEX:TMF:202601,20015,20017,20011,20013,25
2026-01-05T01:01:00Z,2026-01-05T01:02:00Z,2026-01-05,day,TAIFEX:TMF:202601,20016,20018,20013,20015,26
2026-01-05T01:02:00Z,2026-01-05T01:03:00Z,2026-01-05,day,TAIFEX:TMF:202601,20017,20019,20015,20017,27
2026-01-05T01:03:00Z,2026-01-05T01:04:00Z,2026-01-05,day,TAIFEX:TMF:202601,20018,20021,20016,20019,28
2026-01-05T01:04:00Z,2026-01-05T01:05:00Z,2026-01-05,day,TAIFEX:TMF:202601,20019,20023,20017,20021,29
2026-01-05T01:05:00Z,2026-01-05T01:06:00Z,2026-01-05,day,TAIFEX:TMF:202601,20020,20022,20016,20018,20
2026-01-05T01:06:00Z,2026-01-05T01:07:00Z,2026-01-05,day,TAIFEX:TMF:202601,20021,20023,20018,20020,21
2026-01-05T01:07:00Z,2026-01-05T01:08:00Z,2026-01-05,day,TAIFEX:TMF:202601,20022,20024,20020,20022,22
2026-01-05T01:08:00Z,2026-01-05T01:09:00Z,2026-01-05,day,TAIFEX:TMF:202601,20023,20026,20021,20024,23
2026-01-05T01:09:00Z,2026-01-05T01:10:00Z,2026-01-05,day,TAIFEX:TMF:202601,20024,20028,20022,20026,24
2026-01-05T01:10:00Z,2026-01-05T01:11:00Z,2026-01-05,day,TAIFEX:TMF:202601,20025,20027,20021,20023,25
2026-01-05T01:11:00Z,2026-01-05T01:12:00Z,2026-01-05,day,TAIFEX:TMF:202601,20026,20028,20023,20025,26
2026-01-05T01:12:00Z,2026-01-05T01:13:00Z,2026-01-05,day,TAIFEX:TMF:202601,20027,20029,20025,20027,27
2026-01-05T01:13:00Z,2026-01-05T01:14:00Z,2026-01-05,day,TAIFEX:TMF:202601,20028,20031,20026,20029,28
2026-01-05T01:14:00Z,2026-01-05T01:15:00Z,2026-01-05,day,TAIFEX:TMF:202601,20029,20033,20027,20031,29
2026-01-05T01:15:00Z,2026-01-05T01:16:00Z,2026-01-05,day,TAIFEX:TMF:202601,20030,20032,20026,20028,20
2026-01-05T01:16:00Z,2026-01-05T01:17:00Z,2026-01-05,day,TAIFEX:TMF:202601,20031,20033,20028,20030,21
2026-01-05T01:17:00Z,2026-01-05T01:18:00Z,2026-01-05,day,TAIFEX:TMF:202601,20032,20034,20030,20032,22
2026-01-05T01:18:00Z,2026-01-05T01:19:00Z,2026-01-05,day,TAIFEX:TMF:202601,20033,20036,20031,20034,23
2026-01-05T01:19:00Z,2026-01-05T01:20:00Z,2026-01-05,day,TAIFEX:TMF:202601,20034,20038,20032,20036,24
2026-01-05T01:20:00Z,2026-01-05T01:21:00Z,2026-01-05,day,TAIFEX:TMF:202601,20035,20037,20031,20033,25
2026-01-05T01:21:00Z,2026-01-05T01:22:00Z,2026-01-05,day,TAIFEX:TMF:202601,20036,20038,20033,20035,26
2026-01-05T01:22:00Z,2026-01-05T01:23:00Z,2026-01-05,day,TAIFEX:TMF:202601,20037,20039,20035,20037,27
2026-01-05T01:23:00Z,2026-01-05T01:24:00Z,2026-01-05,day,TAIFEX:TMF:202601,20038,20041,20036,20039,28
2026-01-05T01:24:00Z,2026-01-05T01:25:00Z,2026-01-05,day,TAIFEX:TMF:202601,20039,20043,20037,20041,29
2026-01-05T01:25:00Z,2026-01-05T01:26:00Z,2026-01-05,day,TAIFEX:TMF:202601,20040,20042,20036,20038,20
2026-01-05T01:26:00Z,2026-01-05T01:27:00Z,2026-01-05,day,TAIFEX:TMF:202601,20041,20043,20038,20040,21
2026-01-05T01:27:00Z,2026-01-05T01:28:00Z,2026-01-05,day,TAIFEX:TMF:202601,20042,20044,20040,20042,22
2026-01-05T01:28:00Z,2026-01-05T01:29:00Z,2026-01-05,day,TAIFEX:TMF:202601,20043,20046,20041,20044,23
2026-01-05T01:29:00Z,2026-01-05T01:30:00Z,2026-01-05,day,TAIFEX:TMF:202601,20044,20048,20042,20046,24
2026-01-05T01:30:00Z,2026-01-05T01:31:00Z,2026-01-05,day,TAIFEX:TMF:202601,20045,20047,20041,20043,25
2026-01-05T01:31:00Z,2026-01-05T01:32:00Z,2026-01-05,day,TAIFEX:TMF:202601,20046,20048,20043,20045,26
2026-01-05T01:32:00Z,2026-01-05T01:33:00Z,2026-01-05,day,TAIFEX:TMF:202601,20047,20049,20045,20047,27
2026-01-05T01:33:00Z,2026-01-05T01:34:00Z,2026-01-05,day,TAIFEX:TMF:202601,20048,20051,20046,20049,28
2026-01-05T01:34:00Z,2026-01-05T01:35:00Z,2026-01-05,day,TAIFEX:TMF:202601,20049,20053,20047,20051,29
2026-01-05T01:35:00Z,2026-01-05T01:36:00Z,2026-01-05,day,TAIFEX:TMF:202601,20050,20052,20046,20048,20
2026-01-05T01:36:00Z,2026-01-05T01:37:00Z,2026-01-05,day,TAIFEX:TMF:202601,20051,20053,20048,20050,21
2026-01-05T01:37:00Z,2026-01-05T01:38:00Z,2026-01-05,day,TAIFEX:TMF:202601,20052,20054,20050,20052,22
2026-01-05T01:38:00Z,2026-01-05T01:39:00Z,2026-01-05,day,TAIFEX:TMF:202601,20053,20056,20051,20054,23
2026-01-05T01:39:00Z,2026-01-05T01:40:00Z,2026-01-05,day,TAIFEX:TMF:202601,20054,20058,20052,20056,24
2026-01-05T01:40:00Z,2026-01-05T01:41:00Z,2026-01-05,day,TAIFEX:TMF:202601,20055,20057,20051,20053,25
2026-01-05T01:41:00Z,2026-01-05T01:42:00Z,2026-01-05,day,TAIFEX:TMF:202601,20056,20058,20053,20055,26
2026-01-05T01:42:00Z,2026-01-05T01:43:00Z,2026-01-05,day,TAIFEX:TMF:202601,20057,20059,20055,20057,27
2026-01-05T01:43:00Z,2026-01-05T01:44:00Z,2026-01-05,day,TAIFEX:TMF:202601,20058,20061,20056,20059,28
2026-01-05T01:44:00Z,2026-01-05T01:45:00Z,2026-01-05,day,TAIFEX:TMF:202601,20059,20063,20057,20061,29
2026-01-05T01:45:00Z,2026-01-05T01:46:00Z,2026-01-05,day,TAIFEX:TMF:202601,20000,20002,19996,19998,20
2026-01-05T01:46:00Z,2026-01-05T01:47:00Z,2026-01-05,day,TAIFEX:TMF:202601,19999,20001,19996,19998,21
2026-01-05T01:47:00Z,2026-01-05T01:48:00Z,2026-01-05,day,TAIFEX:TMF:202601,19998,20000,19996,19998,22
2026-01-05T01:48:00Z,2026-01-05T01:49:00Z,2026-01-05,day,TAIFEX:TMF:202601,19997,20000,19995,19998,23
2026-01-05T01:49:00Z,2026-01-05T01:50:00Z,2026-01-05,day,TAIFEX:TMF:202601,19996,20000,19994,19998,24
2026-01-05T01:50:00Z,2026-01-05T01:51:00Z,2026-01-05,day,TAIFEX:TMF:202601,19995,19997,19991,19993,25
2026-01-05T01:51:00Z,2026-01-05T01:52:00Z,2026-01-05,day,TAIFEX:TMF:202601,19994,19996,19991,19993,26
2026-01-05T01:52:00Z,2026-01-05T01:53:00Z,2026-01-05,day,TAIFEX:TMF:202601,19993,19995,19991,19993,27
2026-01-05T01:53:00Z,2026-01-05T01:54:00Z,2026-01-05,day,TAIFEX:TMF:202601,19992,19995,19990,19993,28
2026-01-05T01:54:00Z,2026-01-05T01:55:00Z,2026-01-05,day,TAIFEX:TMF:202601,19991,19995,19989,19993,29
2026-01-05T01:55:00Z,2026-01-05T01:56:00Z,2026-01-05,day,TAIFEX:TMF:202601,19990,19992,19986,19988,20
2026-01-05T01:56:00Z,2026-01-05T01:57:00Z,2026-01-05,day,TAIFEX:TMF:202601,19989,19991,19986,19988,21
2026-01-05T01:57:00Z,2026-01-05T01:58:00Z,2026-01-05,day,TAIFEX:TMF:202601,19988,19990,19986,19988,22
2026-01-05T01:58:00Z,2026-01-05T01:59:00Z,2026-01-05,day,TAIFEX:TMF:202601,19987,19990,19985,19988,23
2026-01-05T01:59:00Z,2026-01-05T02:00:00Z,2026-01-05,day,TAIFEX:TMF:202601,19986,19990,19984,19988,24
2026-01-05T02:00:00Z,2026-01-05T02:01:00Z,2026-01-05,day,TAIFEX:TMF:202601,19985,19987,19981,19983,25
2026-01-05T02:01:00Z,2026-01-05T02:02:00Z,2026-01-05,day,TAIFEX:TMF:202601,19984,19986,19981,19983,26
2026-01-05T02:02:00Z,2026-01-05T02:03:00Z,2026-01-05,day,TAIFEX:TMF:202601,19983,19985,19981,19983,27
2026-01-05T02:03:00Z,2026-01-05T02:04:00Z,2026-01-05,day,TAIFEX:TMF:202601,19982,19985,19980,19983,28
2026-01-05T02:04:00Z,2026-01-05T02:05:00Z,2026-01-05,day,TAIFEX:TMF:202601,19981,19985,19979,19983,29
2026-01-05T02:05:00Z,2026-01-05T02:06:00Z,2026-01-05,day,TAIFEX:TMF:202601,19980,19982,19976,19978,20
2026-01-05T02:06:00Z,2026-01-05T02:07:00Z,2026-01-05,day,TAIFEX:TMF:202601,19979,19981,19976,19978,21
2026-01-05T02:07:00Z,2026-01-05T02:08:00Z,2026-01-05,day,TAIFEX:TMF:202601,19978,19980,19976,19978,22
2026-01-05T02:08:00Z,2026-01-05T02:09:00Z,2026-01-05,day,TAIFEX:TMF:202601,19977,19980,19975,19978,23
2026-01-05T02:09:00Z,2026-01-05T02:10:00Z,2026-01-05,day,TAIFEX:TMF:202601,19976,19980,19974,19978,24
2026-01-05T02:10:00Z,2026-01-05T02:11:00Z,2026-01-05,day,TAIFEX:TMF:202601,19975,19977,19971,19973,25
2026-01-05T02:11:00Z,2026-01-05T02:12:00Z,2026-01-05,day,TAIFEX:TMF:202601,19974,19976,19971,19973,26
2026-01-05T02:12:00Z,2026-01-05T02:13:00Z,2026-01-05,day,TAIFEX:TMF:202601,19973,19975,19971,19973,27
2026-01-05T02:13:00Z,2026-01-05T02:14:00Z,2026-01-05,day,TAIFEX:TMF:202601,19972,19975,19970,19973,28
2026-01-05T02:14:00Z,2026-01-05T02:15:00Z,2026-01-05,day,TAIFEX:TMF:202601,19971,19975,19969,19973,29
2026-01-05T02:15:00Z,2026-01-05T02:16:00Z,2026-01-05,day,TAIFEX:TMF:202601,19970,19972,19966,19968,20
2026-01-05T02:16:00Z,2026-01-05T02:17:00Z,2026-01-05,day,TAIFEX:TMF:202601,19969,19971,19966,19968,21
2026-01-05T02:17:00Z,2026-01-05T02:18:00Z,2026-01-05,day,TAIFEX:TMF:202601,19968,19970,19966,19968,22
2026-01-05T02:18:00Z,2026-01-05T02:19:00Z,2026-01-05,day,TAIFEX:TMF:202601,19967,19970,19965,19968,23
2026-01-05T02:19:00Z,2026-01-05T02:20:00Z,2026-01-05,day,TAIFEX:TMF:202601,19966,19970,19964,19968,24
2026-01-05T02:20:00Z,2026-01-05T02:21:00Z,2026-01-05,day,TAIFEX:TMF:202601,19965,19967,19961,19963,25
2026-01-05T02:21:00Z,2026-01-05T02:22:00Z,2026-01-05,day,TAIFEX:TMF:202601,19964,19966,19961,19963,26
2026-01-05T02:22:00Z,2026-01-05T02:23:00Z,2026-01-05,day,TAIFEX:TMF:202601,19963,19965,19961,19963,27
2026-01-05T02:23:00Z,2026-01-05T02:24:00Z,2026-01-05,day,TAIFEX:TMF:202601,19962,19965,19960,19963,28
2026-01-05T02:24:00Z,2026-01-05T02:25:00Z,2026-01-05,day,TAIFEX:TMF:202601,19961,19965,19959,19963,29
2026-01-05T02:25:00Z,2026-01-05T02:26:00Z,2026-01-05,day,TAIFEX:TMF:202601,19960,19962,19956,19958,20
2026-01-05T02:26:00Z,2026-01-05T02:27:00Z,2026-01-05,day,TAIFEX:TMF:202601,19959,19961,19956,19958,21
2026-01-05T02:27:00Z,2026-01-05T02:28:00Z,2026-01-05,day,TAIFEX:TMF:202601,19958,19960,19956,19958,22
2026-01-05T02:28:00Z,2026-01-05T02:29:00Z,2026-01-05,day,TAIFEX:TMF:202601,19957,19960,19955,19958,23
2026-01-05T02:29:00Z,2026-01-05T02:30:00Z,2026-01-05,day,TAIFEX:TMF:202601,19956,19960,19954,19958,24
2026-01-05T02:30:00Z,2026-01-05T02:31:00Z,2026-01-05,day,TAIFEX:TMF:202601,19955,19957,19951,19953,25
2026-01-05T02:31:00Z,2026-01-05T02:32:00Z,2026-01-05,day,TAIFEX:TMF:202601,19954,19956,19951,19953,26
2026-01-05T02:32:00Z,2026-01-05T02:33:00Z,2026-01-05,day,TAIFEX:TMF:202601,19953,19955,19951,19953,27
2026-01-05T02:33:00Z,2026-01-05T02:34:00Z,2026-01-05,day,TAIFEX:TMF:202601,19952,19955,19950,19953,28
2026-01-05T02:34:00Z,2026-01-05T02:35:00Z,2026-01-05,day,TAIFEX:TMF:202601,19951,19955,19949,19953,29
2026-01-05T02:35:00Z,2026-01-05T02:36:00Z,2026-01-05,day,TAIFEX:TMF:202601,19950,19952,19946,19948,20
2026-01-05T02:36:00Z,2026-01-05T02:37:00Z,2026-01-05,day,TAIFEX:TMF:202601,19949,19951,19946,19948,21
2026-01-05T02:37:00Z,2026-01-05T02:38:00Z,2026-01-05,day,TAIFEX:TMF:202601,19948,19950,19946,19948,22
2026-01-05T02:38:00Z,2026-01-05T02:39:00Z,2026-01-05,day,TAIFEX:TMF:202601,19947,19950,19945,19948,23
2026-01-05T02:39:00Z,2026-01-05T02:40:00Z,2026-01-05,day,TAIFEX:TMF:202601,19946,19950,19944,19948,24
2026-01-05T02:40:00Z,2026-01-05T02:41:00Z,2026-01-05,day,TAIFEX:TMF:202601,19945,19947,19941,19943,25
2026-01-05T02:41:00Z,2026-01-05T02:42:00Z,2026-01-05,day,TAIFEX:TMF:202601,19944,19946,19941,19943,26
2026-01-05T02:42:00Z,2026-01-05T02:43:00Z,2026-01-05,day,TAIFEX:TMF:202601,19943,19945,19941,19943,27
2026-01-05T02:43:00Z,2026-01-05T02:44:00Z,2026-01-05,day,TAIFEX:TMF:202601,19942,19945,19940,19943,28
2026-01-05T02:44:00Z,2026-01-05T02:45:00Z,2026-01-05,day,TAIFEX:TMF:202601,19941,19945,19939,19943,29
